{
  "collapse-filter": false,
  "search": "",
  "showTags": false,
  "showAttachments": false,
  "hideUnresolved": false,
  "showOrphans": true,
  "collapse-color-groups": true,
  "colorGroups": [
    {
      "query": "path:\"3. Indipendenza Lineare\"",
      "color": {
        "a": 1,
        "rgb": 14701138
      }
    },
    {
      "query": "path:\"4. Basi e Dimensione\"",
      "color": {
        "a": 1,
        "rgb": 14725458
      }
    },
    {
      "query": "path:\"2.Spazi Vettoriali\"",
      "color": {
        "a": 1,
        "rgb": 11657298
      }
    },
    {
      "query": "path:\"5. Applicazioni Lineari\"",
      "color": {
        "a": 1,
        "rgb": 5431378
      }
    },
    {
      "query": "path:\"6. Sistemi Lineari\"",
      "color": {
        "a": 1,
        "rgb": 5431473
      }
    },
    {
      "query": "path:\"7. Determinante e Matrici Inverse\"",
      "color": {
        "a": 1,
        "rgb": 5419488
      }
    },
    {
      "query": "path:\"8. Cambio di Base\"",
      "color": {
        "a": 1,
        "rgb": 5395168
      }
    },
    {
      "query": "path:\"9. Autovalori e Autovettori\"",
      "color": {
        "a": 1,
        "rgb": 11621088
      }
    },
    {
      "query": "path:\"14. Elementi di Matematica discreta\"",
      "color": {
        "a": 1,
        "rgb": 14701233
      }
    }
  ],
  "collapse-display": false,
  "showArrow": true,
  "textFadeMultiplier": -0.4,
  "nodeSizeMultiplier": 1.96805225653207,
  "lineSizeMultiplier": 1.71163153206651,
  "collapse-forces": true,
  "centerStrength": 0.68876404494382,
  "repelStrength": 14.7626404494382,
  "linkStrength": 0,
  "linkDistance": 500,
  "scale": 0.3164473482941785,
  "close": false
}